"income_yr_2019","income_yr_2020","income_yr_2021","stations_count"
2495580,2664063,2857062,5
10986182,11971269,13079505,31
960282,1017177,1109934,1
261221,283902,308674,2
4728062,5107427,5477775,7
1953703,2083128,2299033,1
37171635,39089658,41652714,47
3608874,3910865,4213512,3
6770191,7291278,7975201,19
4512896,4944532,5410870,4
20297750,22017542,23654316,32
3682125,3970284,4362865,4
16378449,17745339,19174024,27
10011596,10749301,11448324,14
5014254,5451985,5871640,6
1955965,2124925,2312332,3
3740683,3988749,4370019,2
12770746,13556319,14601052,3
2881406,3082039,3315447,1
1743051,1845898,1983215,3
8532858,9191182,9861067,17
2702754,2836304,3061935,1
2445318,2780563,2997074,1
5206793,5882308,6188571,9
7232353,7837473,8255426,60
2180298,2421661,2612568,4
1227016,1389599,1514535,2
725924,767430,819303,6
227058763,249677860,268713717,695
7517261,8288070,8997444,10
3584565,4114493,4507525,11
47581859,52416791,55696681,78
15583702,17603992,19687597,24
10092937,11190206,11884929,48
7603746,8735911,9169548,8
24117851,24895095,26927606,37
1363734,1456276,1613164,1
928543,984137,1156989,6
827436,882377,909641,1
980941,1050206,1132907,2
804176,864312,968755,1
4275645,4688827,5067797,4
2141445,2273773,2456859,1
1835466,1999481,2158375,2
4983438,5357512,5734973,8
576182,603510,697074,1
4142767,4454403,4705205,13
1829339,2084057,2242255,2
1629818,1798726,1928333,2
686264,715425,812743,1
1066239,1153114,1242186,1
1368099,1463809,1588899,3
638771,712011,720710,1
2385351,2576946,2771138,2
765833,816466,919482,1
3004954,3234254,3466189,6
1442547,1549819,1676594,8
233121,271862,279238,1
269967,290769,318945,7
898803,965637,1035630,1
601639,674331,723677,3
2280688,2373272,2611331,2
20703265,22117920,23305414,61
615568,672722,745003,2
709350,769591,835909,2
5343477,5722645,6140239,2
5543154,5812810,6234569,1
1780964,1845908,1947183,4
9959563,10917526,11961674,23
135758980,149239559,164437681,792
94986,90114,89826,5
1768935,1937437,2052718,12
9983194,10798585,11393205,30
2275336,2509072,2668137,5
981952,1212803,1194709,6
95239323,103630133,115342618,309
1019693,1144636,1235023,13
13283051,14272152,15172658,72
43195403,48744997,52120107,337
1263456,1428881,1458277,3
6343560,6912014,7307117,73
6811102,8080812,8570390,6
1100841,1143746,1177853,4
35784162,40097301,42177029,136
5586182,6318254,6625114,32
2741805,3027116,3226342,8
1097625,1231331,1306255,5
635759588,684663140,728772915,3525
6131113,6902603,7294182,39
36799402,38852617,42704366,197
928785,992569,1051845,23
4403781,4849671,5117411,71
10786869,12390335,13343412,25
405473,454188,470297,3
733639,814141,849984,17
24787069,26794525,27747802,146
10349607,11372288,12341466,138
6256190,6709554,7137821,45
224716133,241153117,256700438,1609
27430466,29724947,31684782,149
994458,1071187,1139001,4
104149463,115570337,125820553,518
83515309,91987475,98241828,479
3435561,3971313,4591936,13
89559909,99313293,108623799,401
206231115,223652407,238691713,1243
115034972,122788484,131043138,336
35189770,40404026,45614264,114
19159038,20866180,22910773,92
8401549,9370094,10012526,34
133941,143780,154744,2
1947309,2172624,2310391,21
23476546,26474031,29563967,135
32748038,35905845,39359689,217
24138747,27153448,28952717,48
4407537,4945108,5252054,4
2676633,2956906,3146637,14
507232,551713,592715,6
18835476,21581526,22891980,64
2543859,2754808,2919172,20
53964282,57863763,61619080,222
12082665,13173891,13988611,90
3319359,3752963,4086315,6
23387535,25283114,27769198,118
622050,673331,736456,5
42704429,44960387,48637263,89
621881,678276,721379,6
158973,167903,188410,2
26236032,27514385,29524725,266
4885095,4992315,5549760,27
1036923,1113168,1215477,17
626516,666069,729627,9
219328,234203,258664,3
1206772,1355742,1457743,5
16904030,17964706,18863123,179
100799226,108469755,118419753,1077
28509928,31123329,33037087,154
220941967,237047825,261564583,1650
61385823,64397494,70529406,289
78910,85287,94637,4
27386418,29397596,32412414,49
4726231,5089549,5419735,85
36979710,40040849,43258594,74
1722293,1877219,2036961,10
3626547,3848383,4172419,35
314129,342945,375701,4
860004,916677,987549,17
877342,951768,1028465,21
39590,41492,44145,2
283237,311767,337700,3
38764990,40290908,43365538,127
299716,299771,363155,2
3350807,3515381,3765617,35
20265801,21659942,23295659,124
553361,611918,654554,4
168235,186802,213999,3
949371,950912,1038469,3
7170335,7622988,8200469,33
55496,58927,64911,1
555858,605662,649057,7
1139617,1212406,1333873,4
1827306,2000661,2192453,15
1299752,1376685,1510415,2
672996,733250,794924,6
332018,354807,386321,7
872245,924915,1012294,3
190372,199792,227324,1
3188025,3253281,3451188,49
475885,500445,552694,2
6661970,7330467,7959927,34
306769,327185,354530,7
548504,600524,654254,6
2200893,2350418,2468236,15
235172,246943,284457,4
34422,38217,42563,1
779120,818826,885019,12
101336,99119,120783,1
2383577,2513523,2673005,74
1332658,1432334,1544567,7
189015,197721,234642,2
16152882,17348019,19230197,55
111976677,114101074,122265576,147
57837042,60345468,62930511,119
12188410,12885766,13847683,27
11288482,11737166,12266765,32
49193763,51920470,55832141,119
15692023,16422645,17170447,50
8697368,9101566,9576942,24
5585647,5971899,6433409,23
8019553,8482532,9287020,17
32347754,33845320,36125614,67
12835200,13538898,14720997,67
58203220,61925506,64644701,274
12672514,13615822,14622893,42
8214021,8791753,9671542,14
29275434,31476172,34208428,127
105577146,112371914,124458321,261
8584349,9219838,10068892,5
6055302,6529959,7121669,14
9808937,10517681,11537106,5
41014314,42413331,45539558,47
2579205,2784335,3039473,17
961724,1032133,1131081,2
46471685,50124796,54350014,90
14296330,15423880,16702337,21
5745595,6101443,6812858,10
450932,485717,526489,9
386317,416385,449503,2
758736,819087,906036,2
1350692,1495860,1600370,5
7607319,8325700,9245435,3
3669412,3964116,4293843,13
72392243,78191171,85942006,199
13711728,14317852,15565785,11
1632526,1737947,1875432,3
624506,666432,730618,4
16507776,17703971,19723200,38
42383795,45345499,49552254,66
13640566,14566562,15893185,29
1587530,1733726,1910796,2
603083,653211,716246,1
21012708,22300356,24412119,54
14468661,15834332,17424672,9
14593684,15064423,16357821,13
151522206,155391172,172678816,490
8061921,8261389,8967730,33
5612225,6026192,6594199,16
10847520,11635412,12663927,23
1334166,1426470,1600443,17
66181936,70918760,78220929,269
13838396,15407740,17483723,100
132520478,138460220,150737459,255
24108266,26417900,29482838,29
55296982,58480515,63075440,166
27185956,29876967,32820004,36
2498960,2723281,2994596,4
19596102,21152704,23415535,27
13987759,15159300,17192028,33
8767799,9459762,10432880,3
31047512,32705125,35234656,85
23903991,24926650,27518782,62
7504448,7971565,8719140,8
1484543,1595609,1736661,1
665230,719613,766918,7
25561613,26979379,29893649,74
1306456,1411382,1584264,4
5302083,5683496,6302522,16
786998,853426,924107,2
1531468,1656075,1774968,4
690901,724325,812388,2
3173064,3474255,3859257,1
4348146,4785051,5227586,14
6341973,6848429,7333502,19
449903,482385,520642,1
2143885,2321041,2570890,5
2651059,2898506,3124655,4
2020614,2181557,2390475,5
370792,409046,452386,3
4806032,5257991,5732800,7
2458926,2687077,2903343,2
14084543,15182188,16175526,46
325770,341422,359114,22
14132753,15158260,16541457,24
4563346,4906676,5234983,23
8391504,9649947,10712179,13
256275,272961,285473,2
46043119,48351944,51847811,136
8175784,8766766,9297756,11
7315838,7903768,8655649,11
773497,827902,913456,4
570723,610572,662490,2
1272834,1376802,1538711,7
40482319,43637126,46873308,175
3177308,3495027,3781886,7
5360682,5933887,6529415,21
685203,737736,804785,2
1019842,1092645,1191785,3
7756011,8177281,8826304,28
3835433,4082846,4425204,5
16417867,17438478,19082627,11
812565,825979,942276,2
100631917,102439388,108742651,621
1158444,1222135,1356320,3
4107022,4405048,4690351,36
2087886,2218130,2462296,2
1159814,1204957,1317064,4
41046926,44733872,48474386,93
1605553,1705396,1838382,6
9530371,10164280,11181330,14
9461267,10492330,11516595,24
6954044,7478848,8162858,9
3224679,3521299,3939079,14
267960,300340,318662,1
1104119,1178847,1269588,1
1816671,1989662,2156902,6
1433463,1559678,1684230,4
2305938,2512138,2738339,4
4479124,4855320,5193983,12
1326040,1420439,1537121,7
810142,883965,938042,1
454160,490713,525970,6
1302150,1396158,1513626,3
1017000,1086060,1193881,3
8663377,9343010,10093944,23
3914606,4336251,4851345,5
2892867,3031609,3287101,1
1133208,1217718,1345266,2
1731940,1847266,2016242,1
6758339,7407675,8233935,6
1065387,1155913,1240139,1
1619850,1720748,1884874,1
721721,778115,836637,1
796625,851792,947412,1
1430499,1552644,1721500,1
999821,1097560,1197423,1
732036,798944,864303,8
7864426,8469998,8932178,9
3312742,3684464,4049438,3
2394832,2639704,2926749,3
967460,1042660,1123536,2
1093731,1175904,1262982,3
717497,743896,821026,2
259265,269587,304398,1
2026650,2204765,2399791,1
1562039,1712413,1850936,9
952562,1064753,1132280,2
499414,549231,591469,1
2612736,2908405,3168123,5
287053,310504,342948,1
964524,1043267,1127078,2
2379009,2552509,2791391,2
4109003,4440817,4898980,10
715989,778112,832306,2
975614,1043949,1154339,2
1138359,1227380,1333906,9
4233075,4580583,4889878,4
8713255,9448614,10152965,54
58640919,60909073,63968618,247
3721267,3924186,4120992,27
26618909,29369195,32051963,48
3396127,3713376,4010978,4
2926472,3113613,3336537,8
2036973,2264367,2468022,4
6180767,6859065,7474953,8
459235,502794,555198,2
8107680,9079717,10206025,11
303843,335486,339479,1
1103324,1190991,1202324,2
1065483,1127892,1207394,2
586642,652577,706892,1
7995798,8823814,9781680,9
1752561,1895743,2043996,1
349996,385539,415666,1
1163373,1281931,1381959,1
851720,950372,993973,1
1862035,2031959,2164847,2
478287,551123,618445,2
515125,559627,657073,1
3582533,3920695,4208749,2
595675,654584,708697,2
379315,426409,448112,1
3109458,3346751,3588936,6
2572236,2708185,2896954,2
1383872,1521385,1685880,1
639320,716498,784528,1
9648664,10445737,11252306,24
2130250,2305654,2506403,5
338219346,355540408,380521307,610
1455469,1588922,1740738,15
4420577,4742184,5178429,32
984490,1082272,1194897,1
71163738,74399875,79076011,148
1750822,1928826,2107742,4
779388,863009,957213,1
1315611,1425313,1540187,1
3080239,3146276,3488752,4
2271433,2470297,2677529,2
1204960,1359381,1507275,1
2122134,2275765,2441297,4
396793,448874,496719,1
1508789,1642423,1772216,3
1053254,1150869,1237973,10
28279772,30032737,32397823,44
4715509,5130821,5667456,7
6657210,7135888,7936698,17
1967827,2184076,2364124,2
57204830,59297448,63318407,74
4938503,5299505,5778701,14
1628381,1859174,2040429,3
1067497,1175636,1317701,2
1124485,1204387,1294751,2
17650311,18504846,19948728,19
8574798,9432566,9997479,45
4968610,5369381,5792317,2
12890515,13764962,14689344,25
1595653,1751702,1873492,2
2378214,2520816,2729363,4
9170638,9847148,10306476,10
878100,962956,1070596,1
637703,717568,794876,1
123287,138630,149023,1
6394624,6924640,7349695,8
12033233,12938764,13806226,5
9738357,10399553,11139859,10
1934906,2070777,2236948,4
6397480,6818971,7142436,7
682224,772284,867984,1
2456509,2686152,2894725,1
38115278,40232325,43419326,68
1428077,1533301,1697688,1
18130068,19541434,21249580,32
4438762,4726875,5042172,2
5408324,5710141,6208351,4
752654,798747,860720,2
1516904,1652149,1797526,1
5442227,5865131,6368512,7
1461541,1630970,1770304,1
1196769,1304907,1405293,9
1985006,2108794,2251612,2
4349369,4690081,5070606,2
2392217,2541364,2654479,5
9495118,10201740,11382003,8
4453718,4678620,5034666,3
663799,734320,798067,3
1539809,1658012,1763468,1
2624183,2839250,3107218,4
1319668,1424758,1543335,2
26772483,28339630,30605428,31
4088995,4381141,4751492,7
1772518,1898001,2058434,1
8788185,9603440,10726065,6
1907546,2074805,2258174,1
3495598,3701513,3935876,1
1548907,1664729,1820107,4
3069498,3285059,3499730,2
12445570,13406114,14300207,25
1446422,1560357,1681377,2
8046609,8613778,9333423,4
1637435,1787129,1924552,2
3906407,4153993,4455917,6
22572611,24193442,26513928,20
4729971,5086230,5564165,9
1947001,2117829,2305780,1
5070492,5486737,5983943,1
54133941,59200437,63729003,57
1961178,2118254,2374037,5
1256715,1332208,1449714,1
6470868,6832709,7328351,10
1552883,1692450,1859984,3
3211333,3422238,3721455,1
570786,632362,716704,3
1953559,2096513,2269726,4
749362,803804,861056,2
873988,948464,1044015,1
721711,752395,818195,1
9403984,9871281,10672325,15
1301391,1391289,1484476,1
1449544,1553906,1689246,1
765126,824046,903781,3
13052173,13794162,15277028,20
1998016,2153520,2344951,5
927375,969497,1041681,3
1575751,1680225,1809300,6
7685858,8053844,8596056,24
8610074,9289895,9917126,9
4169140,4506449,4850978,3
1333631,1445638,1580846,5
3747756,3917938,4185683,2
2787830,2999810,3242051,1
1202265,1286693,1408515,1
1069293,1173102,1267607,2
1601222,1721954,1858150,1
663473,696855,749313,1
490877,528773,568674,3
5995248,6415743,6767471,10
1262466,1350144,1451585,2
1094948,1135518,1247526,1
1006800,1052979,1163455,1
2164703,2297696,2432308,4
889138,947214,1014041,6
2106340,2247574,2430373,2
6565152,7068291,7647014,12
277577,295397,322985,1
866635,917204,999777,2
1976795,2067898,2171857,7
4984576,5326982,5605450,9
423773,427044,483665,1
868346,913198,986504,1
742768,775439,863806,4
484698,508636,591810,1
427036,456448,512554,3
557056,608772,666761,1
869733,919215,1001339,4
883812,946385,1035247,3
894499,959123,1041558,1
1632369,1751798,1895384,3
754846,797902,874661,3
8313123,8721525,9221792,36
752962,779755,880381,2
1427837,1518633,1607411,4
12213591,12980708,13574612,23
681181,674451,739288,1
826474,890404,960473,3
963402,1014999,1097725,1
359912,403507,457871,1
1682681,1779512,1902285,2
1728579,1885135,2023558,2
668849,621374,671346,1
347301,373937,401967,1
2076229,2169721,2299237,4
647472,716961,791296,1
461757,441027,507403,1
1418627,1457673,1621451,2
26526925,28554697,30207862,70
4228614,4484826,4793069,5
847895,921739,1003569,1
563576,552639,639926,1
9479493,10008708,10510926,17
605668,636519,722839,2
1871984,1962623,2065918,3
4273382,4498643,4766976,9
291217,304819,345167,1
2702078,2870016,3089136,3
1368866,1342256,1468630,1
1687913,1763980,1906807,3
444992,477829,540998,1
1009743,1092808,1171077,3
4640954,4971364,5344455,6
311980,341225,393932,3
618973,628469,722896,1
532281,572126,614801,2
1261926,1302390,1349864,1
604742,654343,685864,1
432973,461991,490773,1
3213534,3350010,3505999,4
834870,926122,985046,1
121001,147401,171551,1
348744,388451,408628,1
354555,395987,421356,1
428795,474050,490834,1
1371537,1470418,1548449,1
1520192,1661083,1761765,4
786657,857229,909192,1
5545320,5856305,6171456,15
1357638,1460745,1535886,4
1588194,1708021,1810941,1
1331941,1500433,1607243,1
1515167,1614965,1678741,1
47723112,49465618,51838335,339
101680,127289,136548,1
3627060,3826730,4054103,6
1291830,1417450,1477563,4
1593802,1687371,1746988,3
502622,550590,573950,1
1712364,1829696,1962069,2
1191850,1280777,1361182,1
520376,592326,621722,2
1341304,1448222,1529968,1
2592027,2786864,2942860,5
3124396,3319582,3448959,5
2788351,2882282,3031658,5
27733365,28897378,30231865,28
824595,913423,961418,1
8509855,9110442,9638102,19
249506,287094,311167,2
372296,400543,406284,2
5705812,6150666,6538662,5
1654336,1788515,1945584,1
6763932,7290042,7799341,11
1889191,2059819,2205219,1
1207234,1327089,1419938,3
3566321,3854145,4159915,6
452203,507498,567615,1
1431972,1561517,1656988,2
4802546,5130460,5462154,4
853448,960250,1038607,1
2773703,3039381,3302625,4
1492627,1628398,1748106,1
17027041,18210080,19303259,18
2216790,2411092,2583323,5
946603,1048678,1136956,1
1448776,1556593,1755052,1
930827,1045234,1115158,1
4939398,5335893,5750592,8
656771,708670,783404,1
2555703,2730346,2951560,1
769954,842155,927284,1
9908830,10748629,11493083,6
2088049,2341194,2567298,4
823829,907489,991056,1
355660,390674,421536,2
313528,341885,367634,1
3220124,3547527,3783442,4
3401290,3742374,4052498,13
728596,795145,866104,2
836191,903391,986276,1
1016330,1117192,1205242,1
378174,421618,458933,1
1079485,1143099,1247220,2
2048743,2237379,2419279,5
799707,864765,975979,3
4450009,4635612,5021534,3
2091778,2281521,2450082,2
41691123,44807583,47818804,81
2517019,2764765,3049184,1
542120,600825,665395,1
781162,861824,938978,2
2595053,2828273,3048055,4
722541,801989,871102,1
5152455,5601818,6011596,11
1267088,1408704,1561246,3
225305,257404,294674,1
1434962,1506040,1620718,3
2311239,2516556,2624101,1
6568430,6992665,7518111,5
1547216,1687172,1796091,1
1612787,1737203,1829758,1
5810327,6261672,6711599,5
11888676,12592480,13384058,5
9894099,10178706,10423286,7
23650907,25521678,26904204,27
2860585,3065202,3282802,2
22563012,24159463,25277258,26
12226797,13281520,14084253,19
4461336,4588451,4837524,1
1934088,2047985,2195172,3
6149111,6561639,7124419,1
1561330,1619928,1724643,3
20962075,22319782,23466006,33
6425619,6996323,7430981,4
6027093,6552427,6966956,8
1793488,1924995,2064492,1
3470664,3762700,4050890,2
2081988,2219610,2383637,1
18249140,17750124,19223887,16
620072,652245,700314,2
4656425,5123802,5525754,13
2875587,3153415,3335138,10
19550389,21117744,22578454,119
1205657,1300832,1401417,11
2948236,3159919,3377409,44
5711267,6253314,6679699,28
2145562,2295713,2441206,18
1844781,1969753,2135811,9
2269744,2469806,2657772,28
6559119,7231595,7711591,15
672976,766481,840869,5
1907324,2065978,2218449,10
1990229,2198096,2370723,13
1770005,1923805,2065707,8
1300897,1456541,1533655,9
11454775,12319105,13380772,57
2863956,3062385,3206750,13
39953233,42393414,44900444,123
52451659,55878165,59079164,337
5900895,6209522,6639770,14
1540492,1607482,1787791,5
10725097,11347560,12066304,20
5075796,5361386,5745204,6
9373119,10056542,10786420,33
1500940,1604708,1756833,13
16667929,17819954,19225710,50
1341773,1431496,1521425,15
15403672,16416097,17523077,43
25758871,27296792,28896659,122
1159416,1215394,1303579,9
91221261,92866711,97825022,244
45500826,49535795,52461141,153
3391982,3572290,3851044,9
6660477,7050778,7527632,27
780810,811629,919309,4
2840984,2998427,3186725,13
5400692,5907444,6365448,4
4778801,5110747,5393230,2
7117442,7653612,8195779,29
4203949,4516340,4875986,19
2986853,3169769,3390411,21
16845412,18119802,19334595,95
7341816,7929627,8369201,68
31747638,35396606,37666598,96
1618616,1680054,1821545,12
55092458,59154399,63027041,234
3992394,4280341,4499912,38
24828280,26997609,28467452,90
8888428,9421270,9810182,98
142160381,149927960,159089502,802
1347142,1335983,1476656,12
67472335,70995974,75391278,177
36810079,39836549,42542562,99
66827823,72337321,76078975,417
48737617,53046033,56715558,232
423798,472386,504199,1
313149,348761,371990,1
5515414,6078318,6455677,28
1147418,1254882,1327789,6
284775,321997,343158,1
2860986,3125860,3335488,3
4499337,4913457,5190073,11
842421,939555,996503,8
7676620,8367859,9133397,23
1666460,1854414,2038966,2
5439319,6007726,6395035,27
2375575,2632037,2885207,3
1406829,1538697,1630498,6
1039542,1170361,1238104,4
1325672,1484819,1580974,6
1075801,1201768,1264660,5
3799306,4103681,4346107,10
493898,554667,582504,3
1476267,1628560,1713278,2
1217380,1319528,1426912,1
4792459,5235057,5528137,10
1987382,2167134,2287109,17
17132439,18810409,19967292,15
974210,1056286,1123085,1
607456,665209,699451,2
4986132,5476112,5788755,11
1520186,1699515,1796738,4
1636469,1803582,1929549,2
1391960,1516256,1634636,3
1426483,1634970,1743057,4
12062817,13278123,14090337,42
2297203,2567224,2744939,3
993026,1110398,1190266,5
511511,550883,577713,1
2539951,2810494,2959189,11
6418551,7073091,7602801,15
13301075,14377431,15281103,52
655090,744630,784051,5
35774431,38630987,40701778,81
103299,116269,125562,1
407750,459012,479871,1
3957230,4363115,4605655,1
1565577,1675187,1774944,17
4030272,4376511,4643933,1
11480491,12150450,12848055,10
41724363,45600016,47572705,34
1009801,1112164,1178490,8
2704665,2962462,3164369,5
1218047,1347559,1431915,9
1481612,1648543,1768433,5
4586226,4886998,5178900,9
7361611,7812877,8308581,8
2289007,2548481,2728570,5
352154,396159,402849,2
6954757,7763881,8243256,18
1890261,2108464,2243075,2
92591351,98014193,102822763,161
1043946,1167855,1233901,3
726096,826297,886678,3
236290,263059,279099,1
895959,991952,1043586,2
286058,309754,331851,1
1034860,1171352,1247262,7
14613150,15880229,16775381,33
519010,582599,617174,6
894190,1001044,1052099,5
8022129,8811841,9341904,18
7328543,8075798,8451582,8
2355597,2641428,2806988,1
1571613,1792358,1909618,6
2770941,3046259,3225843,8
3162185,3459023,3689815,6
22920571,24022427,25372530,97
77687754,85095541,89823224,158
1273021,1412278,1515262,7
660348,735314,782512,1
19098500,20405742,21799730,14
1688702,1817461,1977441,1
1991262,2183969,2357623,4
3125181,3397021,3591074,11
1369240,1480025,1565023,4
1583270,1691959,1813074,3
1426873,1560557,1730839,6
601022,655172,709234,2
483084,546624,580523,4
2890063,3066585,3308745,1
2817703,3100273,3361291,2
296402,315387,332030,7
3035369,3282721,3650084,6
26800374,28219544,30026160,37
2006560,2182725,2350713,6
591837,681831,757984,4
930122,1041179,1105504,2
1388339,1528100,1654000,6
2596932,2728608,2922844,3
98218241,103051074,108370243,240
1080087,1149568,1240158,1
1888105,2057608,2228920,3
2041955,2170028,2323951,3
712636,797529,839219,1
2274013,2438109,2553585,3
519561,547633,591793,5
1443928,1558885,1676982,1
1268539,1386248,1474334,1
1766838,1943019,2082453,3
1034549,1112344,1219107,2
1046403,1160038,1255935,2
1149212,1249499,1346141,4
1428162,1601681,1707389,1
1841277,2025086,2221525,4
1731107,1851690,1956650,4
980503,1155582,1198038,2
9486593,10134592,10780039,19
2834499,3111645,3344444,2
501204,545538,569077,1
30189079,32105704,34004783,95
702868,827717,897023,3
3029887,3245044,3466996,9
473722,550173,558963,2
9664918,10305449,11015352,17
9409054,9923316,10612721,11
4745218,5088549,5482889,5
7721137,8416443,9013966,3
1739547,1885632,2060764,3
465611,546076,565846,4
1075746,1104503,1187892,1
547500,613484,657531,3
18493845,19425036,20890951,13
7327375,7827515,8510542,3
1090057,1165053,1233358,2
1351461,1435602,1520108,2
8067098,8751951,9616947,8
2879862,3142298,3337206,1
766122,832007,895938,2
1752934,1929038,2062172,3
7993850,8769558,9328779,16
9350679,10066003,10557825,7
5558626,6041612,6471560,1
2410651,2550115,2720422,9
2645817,2853117,3080003,3
2977558,3199122,3331833,5
3710604,4001569,4285289,5
1101455,1227115,1330040,1
1369525,1453715,1561529,1
2394732,2586218,2740995,5
7098596,7637298,8069560,6
2459778,2650497,2791191,4
346062,378394,401337,2
1766136,1901298,1993997,8
1153028,1283202,1382181,2
2140014,2283043,2441733,1
1267609,1379954,1497431,1
7111022,7632000,8100003,2
335352,387761,406297,2
982093,1074991,1150410,2
1861749,2000413,2101131,2
1679210,1860420,1979849,1
842994,906432,954467,5
810436,860968,912569,1
237322,263410,283573,1
1264642,1337267,1431802,1
652178,714548,754056,2
751127,790241,857978,2
8958993,9511565,10132341,9
3485708,3688671,3887632,50
1532382,1705893,1818531,1
1774144,1934103,2061854,6
1824398,1974447,2335953,5
3553020,3798983,4001548,7
5223969,5557988,5922682,20
450853,496396,532693,1
3758289,4048489,4438492,2
12378962,13318149,14339156,74
3752168,4024673,4241757,5
701180,759019,810954,1
4829864,5143504,5467013,1
13640054,14395013,15410189,40
305263,340275,357313,7
916575,1003395,1086415,7
1415806,1528218,1613318,2
339336,367209,387438,3
33331217,35800892,38074198,431
4870411,5065994,5401445,7
9977235,10589665,11249989,11
2030147,2167703,2519398,10
140202,154577,163693,1
1309349,1408124,1491069,1
1402103,1519809,1624131,9
1337045,1427240,1528579,1
355562,386330,418228,4
2499166,2698109,2936797,1
591404,637838,679754,1
625133,680730,724086,2
1173920,1262581,1349028,1
2322287,2487638,2683650,19
718304,790189,830698,6
572635,632281,713651,3
810263,867186,917227,1
1615412,1753543,1887013,8
1763650,1879200,1986433,3
655021,710579,755658,3
372251,398687,425783,3
6177962,6515725,6923549,73
1136470,1209425,1317592,4
2220555,2372951,2408743,4
968408,1071849,1143016,4
992290,1054368,1123772,3
22377245,23617441,25316986,13
286324,321912,343828,1
73833723,77638743,81598794,102
868182,972321,1026282,4
1573435,1699523,1806868,5
1281572,1385170,1478073,1
2114988,2248080,2402094,20
720190,791799,829488,5
1569035,1686321,1825949,3
757951,818475,875171,1
459049,497780,518390,3
574751,615511,647725,2
3978270,4264931,4543743,6
536046,577196,602175,1
402211,423918,422572,2
5298087,5842590,6394934,17
7041367,7794566,8623749,10
512858,567348,567380,6
153822,164148,173872,1
1249213,1393045,1485923,2
3555933,3864887,4101582,5
762304,846757,898616,1
566311,606569,664035,5
179302,203108,223395,2
6320989,6845372,7396782,15
2182335,2364358,2588450,1
1690880,1799900,1937120,2
191326,204594,215383,1
8649634,9254834,9930988,8
1571899,1676768,1801786,2
306753,356749,399022,1
2819680,2976095,3109066,10
1420698,1514932,1645863,1
456680,489347,502467,2
320295,357081,388477,1
583601,650778,646663,1
526106,591641,612372,1
890564,946764,1035621,5
330298,362112,386015,1
1072549,1155650,1186598,4
75777,79559,85964,1
251715,280476,300226,1
1791441,1935368,2088837,4
36702154,37889789,40189574,64
882653,959577,1040652,5
100398,118607,140576,1
1059418,1137349,1250232,2
2750028,2959562,3196032,9
507637,566802,617024,3
301385,337950,365455,1
380767,428188,483339,1
378573,406688,433772,4
16360544,17381227,18426485,39
1739515,1846279,1996238,2
1843736,1975675,2126201,4
337497,364276,401395,3
886147,934201,1012658,5
484702,540452,566870,1
1655566,1798265,1922606,6
278054,302340,338192,1
617622,666177,732636,1
9865804,10492064,11234551,12
1185545,1288980,1409153,4
903297,978485,1035573,3
262127,286979,307080,1
66432,74454,84828,2
268921,300014,313586,3
212268,245091,257191,1
1204932,1278213,1365987,3
691787,767664,828264,5
1157359,1273654,1407718,6
89344,88347,94401,2
823597,878001,945297,5
384034,398094,420418,2
208269,222109,241041,3
2355726,2617491,2938381,5
186669,214125,223961,4
1891307,2054528,2287433,4
221137,247548,267534,3
247782,285310,322221,16
29910418,32008515,35246181,98
443831,487851,516409,3
4075581,4332292,4638435,8
3148332,3359009,3594866,17
4056380,4444147,5016318,7
1422544,1544154,1631145,10
6024143,6441173,6897834,31
26666042,28374864,30469772,31
9233680,9924569,10590642,22
24793856,25939157,27987309,40
7017182,7526169,8095769,13
13757969,15155351,16033351,29
83968368,86654329,92848060,144
28594559,30322964,32265066,30
28078352,30075581,32286039,38
6048337,6496246,6888548,14
6217937,6745296,7306345,1
54920477,58783567,63528603,90
16741310,17826365,19045893,16
46593911,47340530,50609752,89
11692315,12017997,13029821,18
26529544,27842874,30065659,55
52875245,55955439,60446686,80
53031401,55330855,59449633,68
49693049,51214074,55067035,64
33590289,36305207,39474190,22
26364032,28516392,30858408,26
3154977,3433388,3743184,13
37178946,36764029,39395044,45
9147619,9571529,10342089,14
39375495,40752801,44056643,54
6096895,6439256,6980545,4
31136800,33705077,36158065,60
2584593,2775784,2945627,1
767174,858309,941307,1
500548,550883,588311,2
2160402,2356201,2496644,3
1163951,1249526,1353643,1
150667,165261,192442,2
114155310,121767470,133596955,319
3810527,4008545,4349385,17
2540985,2710950,2844208,10
182050,196218,209668,3
835855,917580,974849,4
783319,899485,982822,2
2059276,2316074,2507957,3
184145,203475,217938,1
2388130,2645090,2855076,4
328567,357713,387774,3
1411423,1569963,1706274,1
6588622,7160757,7841941,6
4477477,4715660,5049661,9
1001029,1116966,1218739,2
9510296,10079938,10790792,56
452084,523314,572546,2
588268,643950,691415,2
1288377,1433102,1547959,5
518899,578518,634061,2
146375,163874,169824,1
2745245,3051629,3356613,11
19667212,21098892,22259278,367
1717992,1880783,1962676,7
54854029,62197095,66735687,25
8696718,9456376,9991656,42
3144033,3432258,3574854,11
3420422,3702307,3902561,10
5278491,5733851,6041366,30
3841977,4119306,4348209,12
2041919,2221052,2353263,3
3600161,3858841,4029558,33
3562794,3812990,4041890,34
1957456,2145565,2251520,10
1908380,2039479,2158718,8
17662345,18730274,19982443,74
48328762,52647259,54783277,239
1774055,1904891,2016518,57
1980866,2138921,2309122,35
2372956,2582903,2738572,10
2604935,2816828,2930933,16
2339552,2540254,2706507,18
250573,267532,279273,9
2668872,2892832,3113483,12
5398665,5849400,6178742,11
141246604,153686122,163351099,111
1252306,1358230,1451659,3
2916232,3057153,3214923,21
3296318,3512077,3705379,26
40280470,43428947,45344632,212
2086900,2274810,2419489,22
125221986,130637040,138530627,81
295495946,295922430,308346366,367
9892726,10828511,11246678,16
10697063,11543305,12244120,60
25224238,27473774,28863443,118
6201794,6655940,6981181,26
1610864,1773516,1861735,4
4917700,5381080,5701985,9
2731751,2924027,3105545,16
6880210,7239227,7712854,6
117339645,128983941,136713216,107
8089734,8793355,9313581,74
27942107,29919962,32133087,25
20549956,21928649,23465401,39
4266031,4637938,4929884,19
15835321,16887509,17956502,190
8515608,9224559,9878025,89
1349286,1459947,1553692,3
768151,835153,884236,8
1378598,1507189,1592411,6
4473600,4766190,5041314,15
110217697,116878615,124106210,216
3702783,4024533,4299492,18
2273403,2456577,2587015,4
4794901,5116408,5402874,41
9705800,10366436,11078945,99
3544444,3890195,4094067,108
2597515,2821689,2999132,7
4359656,4685272,4864327,28
108091411,112460093,119452645,136
1709223,1855490,1986581,4
1058402,1146475,1204405,4
7036830,7632800,8366592,20
435179,464818,499485,1
881570,926464,1053223,1
1015239,1096874,1180718,2
660102,715432,768549,2
2084842,2219670,2408608,2
712705,749741,846836,2
1168687,1283677,1404404,1
6673086,7277822,7983893,11
13668774,14544552,15720415,54
10268120,11260526,12407280,23
3007259,3232313,3528807,5
3633420,3878654,4163281,7
7390776,7940833,8625094,4
5045386,5372704,5890292,13
987150,1078962,1180820,1
593724,631450,692417,1
3796613,4145511,4570756,3
1860447,2030420,2240563,2
4718408,5068658,5449986,11
13264022,14387295,15766028,22
1377289,1515205,1699699,3
2215306,2412131,2605731,12
6920582,7474094,8205191,14
2154582,2292599,2507108,2
20709035,22212389,23819666,41
2060574,2177202,2521209,4
16853808,18059096,19675335,68
1853326,1984625,2179475,1
18803526,19965858,21734957,23
2600011,2864772,3226343,4
9392830,10212581,11198308,22
299357,318218,347281,4
2438427,2628993,2882582,1
674069,724885,807781,1
25494149,27293876,29643170,50
1867170,1972643,2169706,14
4885652,5283516,5912302,5
2640164,2839928,3101217,9
5387239,5663029,6149222,20
1792003,1956663,2212309,2
9803383,10663080,11669888,19
1576858,1723194,1882332,4
8884651,9816284,11087364,6
2655077,2853792,3151505,5
2299416,2492342,2755162,6
4154874,4505510,4964823,1
1624315,1754638,1921046,3
1539138,1670742,1835954,8
787201,843597,925952,2
70420782,74775692,80619972,212
566259,606173,657965,1
1003608,1083658,1210332,2
5382692,5791619,6245470,9
4159345,4455367,4826728,8
11455481,12295527,13212775,21
702793,725712,800650,2
9015341,9616799,10487249,7
9905781,10354809,11165424,30
568288,609130,658619,2
1605478,1754456,1919994,7
2548697,2748063,3056917,3
1543840,1672982,1834238,1
7818556,8417591,9159356,17
5629566,6055328,6645495,15
1590881,1717520,1903866,3
3969750,4291446,4860145,5
3493881,3756964,4111401,2
5762704,6310722,6927867,6
2300999,2495704,2736899,3
2257390,2398953,2704135,2
2506110,2709633,2970033,2
1767075,1882636,2056514,1
2849107,3044883,3341516,15
583228,631253,698616,5
1514173,1595678,1732932,3
13171529,14130980,15539167,14
1560646,1694571,1872958,4
599615,663611,726839,1
425306,456083,510249,1
2208974,2355338,2536285,30
4969279,5323777,5827845,4
2583359,2749400,3038225,5
3298521,3511999,3812002,13
1467996,1556959,1717229,3
687299,735892,785772,1
387230,438580,446883,2
5921361,6178454,6531248,8
10670660,11412973,12276380,25
3738090,4031180,4226452,9
1028789,975449,998532,1
577520,625409,753200,2
489836,506608,541939,4
1726848,1846839,1970610,3
194706,223473,263795,1
580767,658058,688418,2
828320,879876,992257,2
515553,592525,637812,1
116493,136242,136230,1
2092361,2081137,2067129,3
1130213,1277818,1324513,6
443039,516197,523111,2
540516,646213,690547,1
3852356,3984547,4136840,3
69649849,74981022,81900659,177
2655403,2513275,2451016,3
986895,1100111,1186834,1
4473356,4828783,5119426,14
2070534,2244256,2385275,2
3871972,4195945,4504715,5
2254019,2399939,2523411,17
2215334,2386718,2536095,5
2817079,2817311,2987898,1
19245282,20468756,21711153,32
1105778,1206791,1289683,2
1644871,1821626,1940801,1
5610843,6105932,6500706,3
12042239,12818910,13604750,6
1926046,2028226,2187995,5
4028892,4362083,4617710,5
1327019,1457652,1552708,4
1602907,1782281,1910460,2
69882196,74146565,78449474,103
2249276,2470378,2659762,4
1595160,1721982,1828367,1
16219138,17205064,18454464,43
4180142,4083787,4359273,11
7622672,8294843,8888328,16
1138372,1311543,1383173,2
67761223,73318378,77552338,332
1980672,2126500,2249632,3
1218505,1312891,1390084,2
6833913,7062988,7482213,4
8743070,9291792,9828958,21
1617426,1759709,1863301,5
50361624,53150249,56049565,106
3842513,4180857,4402138,5
1042214,1152660,1244311,6
595612,630406,665480,1
1241200,1364413,1447615,1
1616581,1789314,1927242,2
1123963,1219050,1304293,10
2094902,2232518,2395861,2
2405059,2626662,2814064,4
2823603,3053385,3272805,7
12200860,12942340,13680084,15
8448936,9180014,9836403,17
1988615,2180199,2308703,10
15061870,16144173,17184741,18
20582864,22005006,23221254,32
1889379,2075414,2224805,5
10144143,10919350,11557668,13
2449523,2665511,2860668,5
10550546,11102007,11785817,6
824068,902171,958437,2
2124742,2297225,2500015,4
5228265,5654657,6003694,11
1457252,1607232,1728081,1
3648327,3991075,4247779,9
2194827,2325427,2450452,9
1399380,1528492,1632167,1
2477160,2732912,2932550,2
7455559,7962786,8443036,13
1685347,1847915,1986128,1
4987849,5438154,5804846,6
2988773,3269422,3505901,7
2475132,2685368,2876001,7
3076423,3221433,3443272,3
2229579,2473513,2613806,9
2221891,2381233,2521025,1
17212754,18417230,19598695,28
28997463,30771890,32672387,51
8160992,8801479,9333104,8
4120363,4386851,4682792,2
3594356,3887624,4220979,12
1216143,1332349,1417289,2
456169,507162,536919,1
15088257,16057706,17155337,24
2680306,2843014,3003747,4
5407015,5786449,6164247,12
1582464,1702539,1810463,2
6388427,6758922,7139129,13
1003681,1098244,1179659,1
653565,699035,805613,2
218027,229251,249500,1
452310,486540,518455,1
838237,843475,885081,5
1726939,1866427,2066557,7
1070497,1113132,1198486,3
7011726,7462366,8136748,14
2104598,2192437,2353376,6
1673345,1776339,1935482,5
13251065,13999194,14863872,26
5155019,5493506,5816284,2
249209,271984,281124,1
557244,580142,620473,1
3064034,3253091,3452166,4
1188291,1220523,1301858,4
1465527,1532253,1678933,1
243947,227835,237666,1
2750370,2808927,3025775,3
1110798,1183046,1256400,3
2342811,2461551,2655514,2
25775289,27841755,29375778,63
420142,435473,493151,1
390169,415174,445475,1
1824537,1950822,2091141,4
325804,359542,385809,1
347125,360624,385862,2
1306991,1401561,1511701,4
396217,417228,445335,2
2008086,2105345,2320707,3
1518199,1633414,1747087,3
610988,625073,669861,2
2561525,2708199,2890534,4
498628,522413,559461,1
377121,392641,423681,2
44904840,47028065,50430561,79
1348762,1428143,1540345,2
1709261,1803991,1923118,4
1190355,1270764,1379974,3
607639,638928,690379,1
3180840,3389448,3603603,7
1719927,1753884,1837016,4
1725889,1839129,1969926,4
2918646,3107501,3412155,3
357267,388556,426560,1
4489744,4714678,5041834,6
851305,902378,969052,2
1420974,1534120,1690161,2
1888346,1951559,2084343,3
1130888,1087406,1214226,3
269280,261277,287355,1
42154946,42145628,44768664,60
3445888,3664573,3962296,2
3062473,3853076,4121645,3
390296,397109,430847,1
768513,795996,832047,3
677904,748621,810465,2
4485136,4818137,5201650,22
26039459,28039367,30212946,87
1846453,2015940,2184592,20
2397504,2593311,2843324,14
1057988,1173711,1305173,4
1042062,1150107,1256241,6
11455993,12733152,13873903,39
303012,336436,373121,3
1329838,1440578,1566754,18
10615059,11708142,12717430,42
878255,979457,1081569,10
3863970,4322610,4811881,10
2777323,3067429,3371349,14
331838,360785,389518,1
17859486,19634078,21131525,75
2278146,2466892,2669357,27
5682784,6235005,6841839,26
1020460,1121728,1233592,1
15490534,16971368,18671730,68
556344,597231,635690,3
48750920,52915684,56502646,176
3697007,4027207,4438630,14
1223796,1335333,1432978,13
3220009,3568800,3874507,7
1110245,1204832,1311986,2
328641,361076,399880,3
1165583,1286780,1403849,10
37393746,39807579,42980422,161
51041,57767,61866,3
5068479,5551830,6039901,40
5124600,5480483,5805329,17
79354572,83291957,87385003,222
3032610,3311402,3527900,2
8271103,8972810,9406300,4
2049594,2187528,2369079,5
21655645,23597379,24888804,26
5802876,6249262,6632617,10
2621030,2762067,2938494,6
48415979,51188895,53633052,80
11569954,12346985,13055635,10
5781409,6196994,6538569,4
3420616,3641019,3880028,6
7821644,8322652,8663114,29
46578282,48717677,51431960,103
1620709,1751499,1843345,2
3641860,3980897,4202506,2
1636149,1758245,1847484,4
2830961,3075911,3254995,6
3546424,3837673,4036785,4
14550669,15936676,16734867,44
14807042,15899540,16882181,39
39957121,41903162,44289599,27
1460727,1586866,1590036,1
12456039,13512886,14189543,15
5602505,6091974,6474419,6
7481769,8053226,8617580,12
659135,701873,725119,1
1769833,1941130,2033401,1
3467103,3723938,3973947,6
1952186,2110923,2216299,1
10237305,11081589,11727805,14
29814037,32168792,34075719,92
3807911,4154545,4412555,1
6985072,7505803,8007372,8
20427073,21806380,23484928,60
14615800,15983764,17052703,19
4707843,5222239,5665557,28
108322,129768,127608,2
308667,343828,369927,3
5075801,5479618,5732928,5
1828570,1939434,2043745,1
4727226,5109568,5422791,7
1850197,2029060,2157711,3
7613060,8323052,8991360,12
67497933,72276325,76308438,147
1042852,1099315,1167472,6
17512779,18483451,19838875,33
2158586,2307693,2469445,1
86719151,90752222,95944257,116
2913601,3071019,3357811,8
6149444,6686885,7084510,6
1733581,1883300,2014569,1
3137150,3388596,3544025,4
1705310,1817611,1947086,4
1911553,2036714,2155225,1
2215706,2375009,2531389,2
12011779,12956250,13710248,21
2334885,2513520,2692481,5
18648808,20043536,21138764,18
1281191,1371050,1455356,1
23334786,25013876,26544888,29
3979846,4164201,4462351,8
10187809,10829548,11592569,56
6297729,6719397,7166776,35
31791434,34534648,37142500,172
8850343,9461203,10167264,31
853693,922331,986447,1
7626459,8148704,8719369,4
8409265,8963791,9702692,7
11774698,12444174,13454189,31
9788608,10525670,11579186,9
27142527,28135134,30164082,62
1157142,1275565,1390427,2
1481011,1566340,1710741,1
1173169,1268399,1392176,1
1402841,1512437,1633895,8
2606539,2767827,3002482,2
923325,998850,1111309,3
6127242,6524566,7037374,10
3180972,3405296,3685419,2
26333677,27601032,29596847,78
2686683,2897419,3096655,2
14218903,15639009,17115449,38
1008662,1142977,1259377,4
2877123,3073708,3348461,2
5100672,5024583,5521806,3
2423120,2599073,2796517,1
14524516,15304925,16598785,16
1026017,1102365,1195086,3
1522152,1628897,1782645,3
3659033,3848957,4145189,10
3026713,3262613,3515592,5
5119832,5413395,5797245,8
19535665,20746377,22161988,34
14533789,15691214,16993490,14
4233730,4528783,4928477,10
943698,1018777,1102823,4
13852394,14989748,16324646,18
1652500,1771237,1865655,1
2156933,2428249,2516359,3
589825,636502,716418,2
1462436,1600589,1688200,1
448735,477250,514438,10
1040073,1115002,1177923,1
317749,340572,368920,1
959831,990631,1091121,2
49665,53011,75864,1
650790,711795,757584,1
6588760,7016948,7653014,6
1396746,1491707,1583252,4
4446846,4849798,5242594,1
156392,177156,215920,1
1296712,1430507,1537965,2
12098453,13044332,13916735,13
6182974,6712114,7159506,22
3381932,3644087,3948724,4
1954772,2092979,2355731,1
424058,460287,513004,2
6153215,6643051,7237509,13
4343696,4710503,5112487,1
1407399,1520273,1680937,1
1979895,2119219,2286860,1
1923032,2029263,2245102,1
1218261,1344423,1470706,1
2353709,2545152,2733101,5
2367343,2556288,2766287,4
50653589,53559329,57785446,219
498216,522473,557155,1
831819,899744,975449,1
2351777,2500158,2776634,6
1573374,1690249,1887836,1
643565,693657,761572,1
1722436,1854465,1986827,1
2587610,2741913,2951702,4
2478601,2694050,2916155,2
19814433,20751613,22181130,55
188441,207435,231673,1
1047946,1135045,1211561,4
2008245,2166583,2373759,1
1382724,1502116,1607184,2
387682,419185,457703,1
2100816,2267448,2465785,2
25022418,26986152,29168574,50
1573111,1664939,1851862,1
2952478,3173283,3437768,4
2012041,2172769,2363213,1
840615,900131,1019442,1
4329610,4677778,5037873,5
1160945,1242391,1344484,8
4460178,4883371,5451827,11
9210891,10061129,10962790,9
684540,739660,829022,1
780874,854099,935454,1
287032,300409,325358,1
203276,214547,230117,1
588391,629810,696455,4
3293924,3560122,3859365,8
3200725,3389406,3786219,2
14525073,15647966,17401617,30
4225819,4533493,4877518,40
47530755,50542871,54738720,30
830083,877973,980407,1
6968640,7433602,8029880,11
10043023,10765122,11853951,7
667740,708110,761788,1
193675,213910,231896,3
1475150,1595487,1714718,3
5965812,6451103,6992162,8
1259631,1351796,1498709,3
950270,1031223,1127280,1
23205807,24794728,27542073,49
7620083,8114385,8997952,4
2114625,2251483,2478790,4
3490130,3686181,3994017,1
1294294,1349661,1467599,3
1628059,1660546,1770681,1
1107004,1169623,1265999,2
3559572,3914961,4513977,9
16002569,17281904,18755136,22
93739999,97376012,105022781,160
680805,732282,785525,6
3860409,4138275,4424586,3
18828490,19924966,21399140,21
9569716,10196030,11069783,19
437471,465575,500987,4
2579527,2757010,3025679,2
1155632,1177397,1195244,2
624632,663652,719347,1
12750515,14337302,16016476,12
225099,241086,269122,2
476005,503744,533040,1
142718,152581,162079,1
362144,387067,424045,1
73362556,77500394,85435514,168
1055583,1125007,1221682,2
9825181,10495538,11735054,3
596691,646438,690289,1
2698824,2917721,3156665,1
162139,166540,174916,2
125641,144912,156354,2
168511762,172648251,186760534,328
507953,545929,572721,1
55032735,58886341,64759448,48
1201875,1179756,1332842,1
74759,82068,88512,1
433652,431121,472546,1
1198951,1058276,1186170,2
8694234,8166011,8636134,3
8896939,9607839,10821508,7
32579005,35308598,38245050,29
1786301,1912497,2034672,1
1453676,1512107,1613027,4
50801732,52213834,56488118,45
19442634,20063655,21328914,28
1854342,1964307,2130226,7
6137645,6563975,7253087,8
5906642,6187301,6577421,8
1089605,1165561,1269450,4
7995694,8554899,9239594,10
1192593,1279862,1402943,1
563141,594732,639167,1
2765423,2853085,2993594,3
284905380,291723832,311430719,376
2986984,3087061,3314207,3
11335317,12521811,14326908,48
3478135,3700538,4065751,2
24428598,27336762,30374915,14
1555073,1659210,1822365,4
987192,1052274,1123404,5
3350515,3570028,3911877,3
1592076,1693092,1870658,1
1640804,1634203,1740771,1
4039320,4344500,4838988,1
714656,719238,785860,1
1476486,1540030,1631430,1
101540,106160,115580,1
11201120,11710811,12239448,5
1700770,1834591,1977009,1
7973194,8625367,9667250,7
6197865,6803648,7808582,7
4077065,4179972,4521032,5
2859066,3023699,3264115,8
204834,218443,237216,4
1259649,1302797,1403639,4
2169885,2341940,2539934,1
1125475,1203980,1301889,2
952556,956555,1003462,1
723094,760628,848685,1
461181,483104,524862,2
1144364,1205745,1311848,4
14078519,14926650,15999431,9
310193,320094,344593,1
11000967,11956868,13027403,10
459261,495964,560509,2
1661839,1723779,1845376,2
1883020,2049750,2232152,1
2240221,2381312,2603003,1
24411344,18788666,21288003,5
39946816,41520917,44756112,41
1009088,1071712,1195988,2
2567449,2718938,2990626,2
2049649,2210198,2444624,2
672864,698186,768228,2
16689389,17354128,18661085,19
594253,552721,628463,1
3839928,3978309,4144861,1
8462292,9162758,10245737,6
629468,621861,660065,2
2140497,2313862,2490838,1
5629486,6131166,6499175,6
312910,338748,379304,2
6992146,7508592,8110571,7
200825,190487,198682,1
130756,143318,156700,1
761016,707834,765078,4
752722,796308,896972,1
6826058,7302790,8243591,9
3128937,3264581,3581951,1
13103925,13068217,14298554,11
1808023,2074547,2307314,1
110587518,115364800,125334153,197
6710260,7337215,8358224,3
1224322,1356973,1496999,1
6218582,6717160,7150002,4
93065302,95888612,106640894,594
1114719,1197715,1316998,1
1904875,2023777,2218485,1
2315291,2487483,2760114,2
4859450,4944484,5319509,5
2280231,2412874,2600169,7
2521924,2712100,2953411,1
198238,219019,231669,1
292811,300871,321233,1
653618,577475,616783,1
1993554,2116631,2199924,4
9279652,9960505,10945472,8
1938113,2011987,2209032,2
218836,231835,245887,1
5808044,6100214,6530766,6
662998,685939,763255,1
32098860,35215215,40466221,65
2485229,2604321,2858211,1
3245482,3469210,3863290,1
253740,308925,340414,3
2209901,2449236,2713188,13
5407433,5775464,6495574,20
817827,876882,919193,5
17050982,18472594,20134617,43
761349,808284,849060,1
344077,383950,407359,6
198698,218920,257521,5
569870,611012,674784,12
1895406,2105753,2350189,9
462696,514164,584171,1
325035,359405,398337,13
491054,533085,582916,4
98704,104337,112397,4
62963324,68835333,74207465,375
426384,469000,493181,5
933222,1044997,1139182,1
775541,848268,919681,8
6937590,7387061,7927922,25
2778861,3101307,3535506,6
1137071,1182566,1271778,1
28497337,31321836,34702132,149
2144097,2332810,2581316,10
7494858,8218873,9018584,40
111648,125018,134670,1
11184335,12150663,13315115,42
23165412,24040586,25067784,112
275317,287459,296855,1
3814776,4059610,4315912,4
1733631,1833103,1964118,2
536877,586702,640013,1
1331466,1439191,1555626,2
19753695,21140166,22686111,26
1006550,1054838,1122068,3
2556787,2742150,2965776,1
382400,407764,455399,4
465423,506668,547475,2
5226581,5444716,5817340,8
626018,672659,737461,3
1272012,1357851,1486276,1
2408205,2573164,2761392,1
681540,731903,796597,1
2549933,2632544,2823587,11
1260671,1353437,1469513,4
6730416,7226633,7693263,13
22927990,23380013,24899824,66
2128223,2273823,2474712,1
1490293,1588401,1706429,4
680214,724057,770139,1
34302870,36160789,38591724,76
1663242,1792478,1945859,3
664459,715261,768867,2
1153932,1254803,1391986,1
569338,596666,637649,1
802996,868139,933028,2
1847566,1972172,2152794,1
669302,724127,772571,1
681389,717301,757882,2
538003,581288,668214,1
1882400,2015227,2151278,4
936132,1009751,1122673,5
596576,643349,696409,1
1353406,1471832,1592533,2
516083,526877,564271,3
340551,375861,403505,56
2035940,2205647,2405535,9
1117727,1207544,1318810,1
8669556,9258246,10127799,7
352094,379491,422377,1
1921145,2065348,2221822,6
821982,885271,940100,1
1031394,1128975,1228376,4
2008490,2131457,2218471,19
2045678,2174744,2286739,24
1326646,1454921,1536368,20
10340526,10959450,11469495,86
248604,266583,285112,3
2446164,2619370,2755611,8
473625,491497,523498,1
1434558,1542988,1627775,25
1449546,1559900,1641677,7
1248906,1364429,1431298,9
3170760,3395132,3504044,27
3587050,3906026,4049660,59
2269691,2455828,2573700,30
3534244,3775374,4045968,35
1607878,1725080,1912316,4
1196620,1288542,1377607,1
3051473,3345136,3618749,10
1781097,1911724,2028574,16
213817002,226652826,243727550,928
16027659,17175888,18610871,39
2058558,2257289,2404427,12
1122347,1208102,1285404,2
3586707,3985122,4432337,8
493704,555594,579325,3
2933279,3201592,3543729,6
1780504,2010393,2153744,10
942868,1031935,1115897,4
584443,648706,716839,1
47881885,52109702,57004972,130
1430810,1505554,1615169,11
7040944,7660712,8376697,33
606630,650346,712605,4
48238677,52643791,57396085,102
24603247,26836847,29360621,79
1852204,2028864,2258103,3
15229670,16716772,18195215,61
199028,217628,239360,2
2892687,3161236,3375142,18
11650371,12485186,13303658,38
1979372,2113369,2226184,7
11053209,12137974,13025027,17
5289435,5726234,6273083,4
459743,484829,508826,2
4116150,4377971,4658385,5
1574239,1644396,1762220,2
432647,467881,501297,1
1381411,1451973,1541812,7
885595,937307,1016377,2
493986,517080,574359,3
3426141,3508137,3727366,4
1126045,1183770,1267087,1
3062783,3225997,3456333,7
8942875,9408568,9946958,14
679397,697218,732110,3
1227794,1310394,1396458,2
2445620,2559022,2707283,1
2292781,2444021,2633587,3
5073902,5284163,5593389,13
666172,710592,771137,5
2555948,2416533,2568653,6
341854,370109,393901,2
2767931,2890308,3065465,8
3218191,3263060,3486791,3
444881,467666,509612,3
713397,732776,780532,1
301840,326719,348618,4
830136,928053,987057,3
1067306,1146898,1244469,1
9944548,10754179,11542478,22
4262493,4678447,5001118,36
3687027,3994628,4293217,20
27585235,29608413,32436906,78
226342,258364,285280,3
5072786,5533068,6083588,7
1779473,1973564,2153793,5
3754431,4150556,4514149,7
4001273,4603636,4898957,10
4883205,5253282,5699555,8
871007,905781,956092,1
1406549,1475006,1581500,1
3951023,4049603,4375933,8
638853,678297,734273,2
850712,910790,960296,5
2345712,2489581,2658235,1
774143,824862,879675,4
14299426,15131527,15981009,16
2680349,2835318,3004263,3
3106251,3326229,3571583,1
3086810,3309669,3550709,2
2355670,2532958,2697278,5
1962315,2081296,2228163,2
850536,893739,948200,1
4042187,4295872,4575326,4
1067589,1150157,1233965,1
8320567,8868162,9632033,15
6192939,6598935,7021383,18
863318,935325,994760,1
3817714,4082134,4326678,3
7175658,7595053,7996755,3
1886902,2002558,2146725,4
45398877,48377271,51904010,79
1974747,2149791,2263443,8
1880064,2007120,2137186,3
10029218,10589671,11228691,11
7736465,8048666,8576270,5
2061280,2156945,2317982,1
2106284,2246654,2402625,3
3358490,3580301,3765451,7
633440,672923,718630,1
9941859,10465282,11200309,13
767587,831434,873492,2
7510105,8039652,8677198,5
637313,683018,732194,1
5335900,5627559,6063777,7
3462158,3693778,3983287,5
1798503,1931283,2032555,4
6202453,6519746,6879349,5
1305881,1406121,1518426,4
5468959,5801707,6216508,10
786043,843443,901849,1
8167470,8536777,9067693,4
30308991,31621816,33531140,14
2407610,2552443,2713708,2
8446761,8882829,9473946,6
3516911,3718284,3934748,2
1594486,1707698,1825036,3
476180,520976,549715,2
2521268,2546129,2598834,2
857836,903546,949319,2
959618,936609,951343,1
1840362,1930190,2023919,8
476951,492822,528539,1
5313563,5533843,5915191,5
957571,1079057,1248380,2
5526261,5393722,5582770,3
113671,123095,131156,1
1787402,1853345,1985442,11
440113,440204,464250,2
1840211,1913963,2039562,3
544395,547627,570695,1
2402588,2326633,2369272,3
6477125,6786373,7503861,23
749627,783725,869601,2
4301429,4597862,4942877,3
1625231,1735704,1890118,1
538034,566371,646954,1
2286312,2435403,2665155,1
402913,437665,471880,1
1333444,1415448,1555667,2
506454,525242,602316,1
3477593,3691230,4122247,6
1861929,1970111,2166886,3
2361236,2506990,2874405,2
3869418,4114541,4390379,2
35434914,37493093,40075254,122
4040740,4278931,4580558,2
1836396,1941002,2070310,22
1886285,2043417,2171379,3
5208578,5558365,5928614,13
270430,267865,296710,2
5208301,5528983,5883749,7
304110,329977,362514,5
1146240,1257230,1334350,4
992030,1061101,1169185,3
3030041,3345383,3624268,15
